,date,open,volume,adjclose,ticker,RSIadjclose15,RSIvolume15,RSIadjclose25,RSIvolume25,MACDadjclose15,MACDvolume15,MACDadjclose25,MACDvolume25,emaadjclose5,emavolume5,emaadjclose10,emavolume10,emaadjclose15,emavolume15,emaadjclose50,emavolume50
753,2022-01-03,795.739990234375,720600,783.376220703125,ASML,,,,,,,,,0.0,0.0,0.0,0.0,0.0,0.0,0.0,0.0
754,2022-01-04,793.6300048828125,874100,765.4000854492188,ASML,,,,,,,,,0.015657288778897,-0.1170727986881744,0.0192157635013735,-0.1436802529354869,0.0205501915223022,-0.153658048278229,0.0225649161813515,-0.1687225628153102
755,2022-01-05,765.9099731445312,1193200,732.4732666015625,ASML,,,,,,,,,0.0408760392719852,-0.2354639252057957,0.0532084070393071,-0.3049262625954791,0.0581235479664676,-0.3324974333724438,0.0658446669682771,-0.3756982248375807
756,2022-01-06,739.530029296875,2041200,749.614501953125,ASML,,,,,,,,,0.0113830692321395,-0.3687228282564358,0.0238295214354356,-0.4857455573709018,0.0296867535569124,-0.5335802201217421,0.0398459166345922,-0.6101550507768774
757,2022-01-07,758.3900146484375,1363300,742.7186889648438,ASML,,,,,,,,,0.0138488744039669,-0.0365471219526329,0.0272743556622353,-0.1882087238418386,0.0343410703178794,-0.263946638412996,0.0475592308045561,-0.3999792313725827
758,2022-01-10,716.52001953125,1973400,714.3006591796875,ASML,,,,,,,,,0.0361228353249806,-0.2229399991074707,0.0557540665258197,-0.3593320516930728,0.0660552539596204,-0.4300679769078153,0.0857363145926672,-0.5625226554387258
759,2022-01-11,706.989990234375,2120700,716.2554931640625,ASML,,,,,,,,,0.022196670813046,-0.1846087908830992,0.0432594483184489,-0.3304077486121645,0.055252515556681,-0.4109476245702586,0.0795270752647312,-0.5696577083213948
760,2022-01-12,739.3099975585938,959700,729.0352783203125,ASML,,,,,,,,,0.0028518987912666,0.5345421396785187,0.0204311463344557,0.3924274240684725,0.0321599540403309,0.2639527466938845,0.0582266679421375,-0.0471262874186975
761,2022-01-13,772.4099731445312,1628700,717.1591796875,ASML,,,,,,,,,0.0129726973286702,-0.063854570537044,0.0305422400200275,-0.1468815960355098,0.0430958852554455,-0.2233216555370198,0.0727801966200488,-0.4213287850619522
762,2022-01-14,735.5999755859375,1313600,731.353515625,ASML,,,,,,,,,-0.0044582607074381,0.1071356379244399,0.0086245825864939,0.0472584362773146,0.0199947621024012,-0.0323888419811975,0.0499217243272719,-0.2714407259691922
763,2022-01-18,741.030029296875,1178500,702.572021484375,ASML,,,,,,,,,0.024216667443097,0.1560364157700718,0.0408631049095191,0.1368926707328209,0.0540572935224101,0.068718510841588,0.0892882911032041,-0.1805512548191605
764,2022-01-19,736.9400024414062,1593200,686.4524536132812,ASML,,,,,,,,,0.0321785052951595,-0.0965817574755085,0.0534314406429002,-0.1301182233510794,0.0689579749854555,-0.1832794568174365,0.1103628163398285,-0.3784035956296447
765,2022-01-20,724.8900146484375,1536500,693.9572143554688,ASML,,,,,,,,,0.0140107131194712,-0.0421625148107082,0.0343956815745968,-0.0801963838112864,0.050223066154452,-0.1339981951033826,0.0944978075777202,-0.3415255938094644
766,2022-01-21,707.2899780273438,1689600,682.4348754882812,ASML,,,,,,,,,0.0207542874080193,-0.0859701325783826,0.0424313857746324,-0.1338076625739484,0.0594607993606315,-0.1859106879908287,0.1085469929531046,-0.3854590211573903
767,2022-01-24,666.0499877929688,2833100,675.254150390625,ASML,,,,,,,,,0.0210727320258588,-0.3032614770638606,0.0437864015418787,-0.3955266746084273,0.0618863167940069,-0.4501827895681907,0.115616365316739,-0.6086577825110082
768,2022-01-25,652.6400146484375,2095300,637.0917358398438,ASML,19.138591438887783,58.07283400979058,,,,,,,0.0548239877807096,-0.0386166151767045,0.0869810907929055,-0.1494643681528884,0.1098075473759078,-0.2245078287046895,0.175288248165966,-0.4523927952472988
769,2022-01-26,661.6300048828125,1376700,641.69873046875,ASML,21.50147431632236,50.25071484150721,,,,,,,0.0315006751842561,0.3087995962423433,0.0647813846838958,0.2409481028205309,0.089109846770642,0.1577432651998845,0.1603072617457685,-0.1600250751684064
770,2022-01-27,664.7999877929688,1465300,623.4278564453125,ASML,19.12658599879124,51.12045258232933,,,,,,,0.0411539917572474,0.1531083073531401,0.0785348663157488,0.1357475216603006,0.1058999532821836,0.0767723394872012,0.1866924251010111,-0.2025472870874718
771,2022-01-28,633.5999755859375,1339700,633.555419921875,ASML,24.10506434605485,49.79814117618989,,,,,,,0.0163405661662467,0.1741432672810113,0.0501497835565762,0.1981853190605456,0.0771940996532912,0.1555069757552224,0.1611454442934076,-0.1227730886296516
772,2022-01-31,650.7000122070312,1357400,665.215087890625,ASML,37.0784880202874,49.993445938320015,,,,,,,-0.0213535081583874,0.1058885787418945,0.0001389834685684,0.149368434809108,0.0226861784943316,0.1228846386414193,0.1017306280099681,-0.1289485988932139
773,2022-02-01,682.5499877929688,945000,669.4193115234375,ASML,38.57247730195087,45.56795749535098,,,,,,,-0.0183332022468578,0.3923337966731907,-0.0050255126761572,0.5325997518700286,0.0142303842310629,0.5362996374924655,0.0910932239402261,0.2413298769842355
774,2022-02-02,687.9500122070312,713600,674.5960083007812,ASML,40.4381966340046,43.2654689670165,,,,,,,-0.0172441937483024,0.5625517917191382,-0.0103587719264942,0.8423818907529801,0.0056414839931361,0.9051678289680244,0.0794764838695585,0.6186082155586428
775,2022-02-03,659.0900268554688,1212000,634.4984130859375,ASML,32.29720850678444,49.19013477189012,,,,,,,0.0299078561992856,-0.0533350062867013,0.0426946380802248,0.0693454436822636,0.0605445219098047,0.1065072544617445,0.1419028436759828,-0.0451546251778016
776,2022-02-04,648.0499877929688,863100,641.2567138671875,ASML,34.67221967526754,45.61715357728431,,,,,,,0.0127023351197534,0.2195635672811323,0.0259408822472245,0.4104148997468039,0.0431963734743195,0.4845770401537252,0.1247752892213547,0.3274665903330837
777,2022-02-07,654.1500244140625,520300,638.52587890625,ASML,34.153520310458404,42.37685862197947,,,,,,,0.0113556270753929,0.6820492215008589,0.0248143140813111,1.0960917477230263,0.0417006583639367,1.2798551565194989,0.1245039137304972,1.1549288793308443
778,2022-02-08,636.8499755859375,745300,641.9049682617188,ASML,35.43409455198014,45.118359413373085,33.85070234347188,47.0234031752054,-14.218055756948388,-168462.26874323864,-14.218055756948388,-168462.26874323864,0.004021127316154,0.1161681738422085,0.0158887058084759,0.3790625894469117,0.0316898585631024,0.5176372711592089,0.1139339805844823,0.484594052135239
779,2022-02-09,670.7899780273438,842000,668.3289794921875,ASML,44.48057147894388,46.29491919485376,40.843023585803074,47.84654580683004,-12.02114307951149,-171343.09460267692,-12.02114307951149,-171343.09460267692,-0.023783526137415,-0.0080125574310387,-0.0198629380515546,0.1805590726876536,-0.0079629449592818,0.3004253870790836,0.0671510336417276,0.3017775000177751
780,2022-02-10,654.5900268554688,961200,645.2546997070312,ASML,39.3254115515967,47.773651565322886,37.26039515891748,48.86671747999811,-11.817950998655078,-163068.92880192865,-11.817950998655078,-163068.92880192865,0.0074172881254192,-0.0873537060319978,0.0124254984535621,0.0279458113747057,0.0240732245739144,0.1217628005935443,0.1011824134149377,0.1348383168044307
781,2022-02-11,657.5399780273438,1116300,617.1215209960938,ASML,34.15443297800819,49.70430270166529,33.52549885268749,50.18738599670949,-13.550003145298092,-143536.14617247274,-13.550003145298092,-143536.14617247274,0.035562113903499,-0.1427718846414979,0.0479288407092377,-0.0939912189587107,0.06191361215558,-0.0298341812781506,0.1454462549583326,-0.0219418331303074
782,2022-02-14,626.1500244140625,890200,616.7973022460938,ASML,34.09906935107173,46.991102943799,33.48520561632125,48.293321518103,-14.768432352656076,-143043.3598642603,-14.768432352656076,-143043.3598642603,0.0240709705774925,0.0499691044519552,0.0396651953674199,0.1113741978807133,0.0546628300323448,0.1895041457080435,0.1403209708217087,0.2175917782775241
783,2022-02-15,647.47998046875,821400,644.79296875,ASML,42.6931581524784,46.16944039188215,39.97418533708467,47.722448464674095,-13.5014272707366,-146033.00762321963,-13.5014272707366,-146033.00762321963,-0.0135948099379908,0.0919426156830863,-0.0044795955818121,0.1672873141842861,0.0077624794106181,0.2529942983876769,0.0872492411283911,0.3070441630050548
784,2022-02-16,651.0,610000,652.1112060546875,ASML,44.712519272023165,43.65636676302305,41.52748198140157,45.98267766781088,-11.8165756296753,-162240.83918622008,-11.8165756296753,-162240.83918622008,-0.0164430800706587,0.3135755896416252,-0.0128059364575824,0.4678521905869974,-0.0031036340071769,0.6013251264076771,0.0721046731923555,0.7302056476735858
785,2022-02-17,659.3099975585938,1020600,638.9188842773438,ASML,41.86334255131826,49.38921993451464,39.6031094810908,49.693229370158434,-11.340070651496715,-142629.44297686766,-11.340070651496715,-142629.44297686766,0.0025768581500044,-0.1432614085300205,0.0061997973958567,-0.1003769149766967,0.015295144023021,-0.0375443011756832,0.0905456242884294,0.0327843830611651
786,2022-02-18,652.1199951171875,899400,636.3649291992188,ASML,41.31723679062091,47.84947066612871,39.23644906627985,48.665360248482045,-11.02684706475111,-134675.45497587218,-11.02684706475111,-134675.45497587218,0.0044003665397383,-0.0185402072090569,0.0083765693274981,0.0170616658755381,0.0169486437863966,0.0806337563293144,0.0911999196791525,0.1652153140494324
787,2022-02-22,638.5,934000,628.9386596679688,ASML,39.70364415495168,48.34206743958793,38.166163985929394,48.97918718530502,-11.21061782998072,-124313.25877424797,-11.21061782998072,-124313.25877424797,0.0108399638190047,-0.0365989024723953,0.0165952620107214,-0.0168671052563627,0.0253368397460498,0.0355264993439639,0.100002654137536,0.1172636776115153
788,2022-02-23,651.0800170898438,997000,620.5497436523438,ASML,37.91166145008151,49.27675728817861,36.97921681435533,49.5639955703879,-11.856137012668796,-110038.77485903108,-11.856137012668796,-110038.77485903108,0.0163366847824301,-0.064983868210777,0.0248221051336212,-0.0646288763367361,0.0342981445206039,-0.0261694768416705,0.110368239283583,0.0448342964101837
789,2022-02-24,600.2899780273438,2047800,645.2154541015625,ASML,45.6407441257886,61.67058455302482,42.45996154683896,57.940110486608944,-10.36174752997374,-18236.675527099756,-10.36174752997374,-18236.675527099756,-0.0150109908279471,-0.3631829008712259,-0.0117453698062942,-0.4455830606402229,-0.00458646012428,-0.4601423954291201,0.0652568257408144,-0.4720408713844345
790,2022-02-25,656.9099731445312,1295400,655.3134155273438,ASML,48.4552714722563,51.93521750915708,44.51764932192947,51.55419126066421,-8.307463973997528,-3253.2942261253484,-8.307463973997528,-3253.2942261253484,-0.0201260284728841,0.0044640294353886,-0.0220694259461456,-0.1010979356472159,-0.0174345039483054,-0.1282574090549507,0.0469265294928926,-0.1589034430220842
791,2022-02-28,647.6500244140625,1979000,654.7142944335938,ASML,48.296310667568,58.3375159654348,44.41947623817618,56.13024718550879,-6.649943257682139,60549.38082587044,-6.649943257682139,60549.38082587044,-0.0128195718069745,-0.2283366334072418,-0.0173246183698354,-0.3367660614882002,-0.0144684489289394,-0.3757082196708238,0.0460067333837849,-0.4318157564669181
792,2022-03-01,660.2100219726562,1097300,622.9859008789062,ASML,40.71712091799341,49.26849791266119,39.60180232796526,49.80915865648767,-7.700012190498001,42439.45587659185,-7.700012190498001,42439.45587659185,0.0249713908572913,0.2611390397564133,0.0267730361301921,0.1604897706630045,0.0312587035153225,0.110181130149011,0.0953860795447483,0.0237605366406755
793,2022-03-02,642.5900268554688,1035700,643.7714233398438,ASML,46.59922211385631,48.7017628143082,43.763976052559165,49.40425850259345,-6.840710491497816,23055.35544353677,-6.840710491497816,23055.35544353677,-0.0054146527187991,0.2240982706219385,-0.0052187757829872,0.1877824245470022,-0.0017829574102415,0.1541846430901284,0.0576655274089299,0.0813307927750834
794,2022-03-03,652.02001953125,1020200,619.62646484375,ASML,41.47720075903824,48.55119749713501,40.395571356688045,49.2992175829079,-7.945501926220345,6424.361155375373,-7.945501926220345,6424.361155375373,0.0222275418934655,0.1617974115422739,0.0274457638672047,0.1684051535287174,0.0324752087342313,0.1502552494534309,0.0950019068530526,0.0939258507901285
795,2022-03-04,603.7000122070312,2025300,583.8019409179688,ASML,35.30770832532308,57.64810721875294,36.10109161763732,55.666222807200604,-11.480761274410495,70802.44742452563,-11.480761274410495,70802.44742452563,0.0566371271432785,-0.276513530750859,0.0740406473756158,-0.336634193871616,0.0838531725215863,-0.3680113539693667,0.1558351750826987,-0.4313528521475068
796,2022-03-07,617.3900146484375,1607200,564.1754760742188,ASML,32.472526276633005,53.437013470623626,34.0361505625787,52.79345646975349,-15.633995676013,88089.33631761675,-15.633995676013,88089.33631761675,0.0622635235933606,-0.0588696091877031,0.0911489212431589,-0.1342349821051662,0.1063633542125812,-0.1781540696832309,0.1883562137060216,-0.2723092607928896
797,2022-03-08,574.0800170898438,1441800,562.8984375,ASML,32.291755495744056,51.83218745510087,33.90470739165953,51.69411215460777,-18.806049374756185,87805.10128796636,-18.806049374756185,87805.10128796636,0.0431156424371983,0.032729811861804,0.0766017762052186,-0.028567962342199,0.0952641749910852,-0.0733895604074959,0.1835599743620969,-0.1814251351574459
798,2022-03-09,609.1500244140625,1593200,610.3436889648438,ASML,44.57399806282144,53.21031524552883,42.49866183119225,52.63455922548648,-17.391602838929998,98330.65598217097,-17.391602838929998,98330.65598217097,-0.0253141785785669,-0.0436062253149429,-0.0057994272387817,-0.0989034985589234,0.0088580473783771,-0.141263767682078,0.0879651664338869,-0.2490481511328819
799,2022-03-10,599.5399780273438,735500,589.4501342773438,ASML,41.05972907105191,45.33699284977124,40.106525611372064,47.21064822327574,-17.710171793871268,38729.9611424224,-17.710171793871268,38729.9611424224,0.0061562522247009,0.714458700954664,0.0240879652488282,0.7788322742553991,0.0390406340809074,0.7526291565775651,0.1215670830428542,0.6020956210964805
800,2022-03-11,614.0,819000,575.481689453125,ASML,38.86485595563155,46.16783465622139,38.59369098594784,47.75659819131568,-18.84568930797116,-1882.4016567305664,-18.84568930797116,-1882.4016567305664,0.0203855296032516,0.3597756406610953,0.0400461193430654,0.4888422954194265,0.0562282578930475,0.5021995135286317,0.1429555282335262,0.4215500762887934
801,2022-03-14,599.5499877929688,1621700,567.3286743164062,ASML,37.6076597436079,53.45455379864895,37.72843587239328,52.65931295113521,-20.156001347566416,28997.993834205205,-20.156001347566416,28997.993834205205,0.0233662484709934,-0.2088523361487175,0.0449938656986061,-0.2029880787536876,0.0624812936323474,-0.2111819532697443,0.1531305828214645,-0.2710188399301922
802,2022-03-15,591.9199829101562,1542500,586.1397705078125,ASML,42.227492934682985,52.700435417272566,40.91226550718069,52.15626160077173,-19.480898423874805,46659.49094515899,-19.480898423874805,46659.49094515899,-0.0063178940156171,-0.1121537908297678,0.0093736447626148,-0.132598904130467,0.0248350177981781,-0.1493449283081694,0.1115691007822461,-0.2244287842250592
803,2022-03-16,621.4400024414062,1815200,639.1153564453125,ASML,52.7778203208284,55.04035468800347,48.61873201999705,53.74122762533809,-14.58089879176589,81314.78421797394,-14.58089879176589,81314.78421797394,-0.0591220915121877,-0.1636907677225343,-0.0607845708799802,-0.2151079914355146,-0.0525983997687045,-0.242497511528169,0.0186702788597549,-0.327573568122894
804,2022-03-17,643.1300048828125,854900,642.5238647460938,ASML,53.36491654960832,46.38296019127112,49.06397833352598,47.91823522872584,-10.309003753985849,32224.187064868165,-10.309003753985849,32224.187064868165,-0.0427422203299943,0.5171509482045117,-0.053809355960841,0.5453613676789718,-0.0504212153513331,0.532347294934857,0.0127461116787655,0.4109810916544033
805,2022-03-18,649.239990234375,1689800,667.8280029296875,ASML,57.56165688575528,53.23496973433291,52.26292694521088,52.572247110157775,-4.85827906664781,58959.55830649962,-4.85827906664781,58959.55830649962,-0.0526752742186785,-0.154964159221984,-0.0733587635046156,-0.1785060685471774,-0.0756008292147074,-0.1966633686620706,-0.0246220613525724,-0.2749375256439196
806,2022-03-21,678.219970703125,1293000,670.823974609375,ASML,58.0406589408226,49.98235751917489,52.62983903548478,50.34502108628654,-0.2977201651126506,48034.89492707467,-0.2977201651126506,48034.89492707467,-0.0379374185676156,0.0695754389000729,-0.0634068347401008,0.0602154263039314,-0.0697631330066556,0.0436337661875321,-0.0278418034943381,-0.0503720199387603
807,2022-03-22,688.0,1111100,676.5508422851562,ASML,58.98869576313916,48.52611059915531,53.34387990033281,49.34673283848814,3.728720008954156,24613.85040846257,3.728720008954156,24613.85040846257,-0.0307207240384439,0.1631182566812435,-0.0583649253099356,0.1912786604510557,-0.0679327269111186,0.187677663775015,-0.0346563821386995,0.1009718320607905
808,2022-03-23,668.7999877929688,999100,653.5845947265625,ASML,53.76878710626786,47.61099886724234,50.18390030026012,48.72703003140198,5.0309654247865865,-2836.562490802491,5.0309654247865865,-2836.562490802491,0.0022257928072164,0.1956698995753044,-0.0206810992204926,0.2657635032114823,-0.0307832898873435,0.280715214385814,-0.000706429741972,0.2155920785085887
809,2022-03-24,666.2000122070312,1176700,678.3189086914062,ASML,58.05207837487241,49.23741085518131,53.28820826255623,49.76898915787895,7.943934165310679,-10303.421900532674,7.943934165310679,-10303.421900532674,-0.0228796708811632,0.0101378412315157,-0.0461381876906222,0.0611354438473796,-0.0578593236250057,0.0764891215741127,-0.0356881487711614,0.030862385772418
810,2022-03-25,690.4600219726562,768600,675.1951904296875,ASML,57.333317214323216,45.74129540911611,52.85491571853064,47.460403288763096,9.888612437114489,-48241.58317432669,9.888612437114489,-48241.58317432669,-0.0122394188597243,0.3643240504615532,-0.0341388393848129,0.5110049784705254,-0.0468130343204174,0.5670591408882724,-0.0300022803594453,0.5555395523713043
811,2022-03-28,680.1099853515625,687100,682.5331420898438,ASML,58.62273835730679,45.05674628134887,53.77464935334917,47.006808806692376,11.87869431032152,-83847.29707220104,11.87869431032152,-83847.29707220104,-0.015239258428902,0.3507684133165962,-0.0364277996868721,0.5647352956526127,-0.0499282002160944,0.658818146886749,-0.0388452588640964,0.711027515407942
812,2022-03-29,710.0,1076200,696.58984375,ASML,61.03933450635692,48.9637327741683,55.50668860424981,49.41129501100024,14.413142969400042,-80028.41061554453,14.413142969400042,-80028.41061554453,-0.0234073664421015,-0.0917345123026491,-0.0457134715645616,-0.000813755910004,-0.0604624935051255,0.051688538501347,-0.0559567484081541,0.0887819394675355
813,2022-03-30,700.0,1031900,672.44482421875,ASML,55.11524720253386,48.54266032379983,52.01919030912483,49.146829535279295,14.324373204123503,-79627.3938109125,14.324373204123503,-79627.3938109125,0.0077723212536242,-0.0351614705172406,-0.0093669982419071,0.034430584623852,-0.0233862636521348,0.084733311845388,-0.0211945451581897,0.1302092473524591
814,2022-03-31,684.489990234375,780700,656.109130859375,ASML,51.49257136356746,46.13238133918985,49.81345143562061,47.6406891279596,12.798505879996696,-98285.74095306918,12.798505879996696,-98285.74095306918,0.0219091098765818,0.1835249379388237,0.0125162291966342,0.3004949267510713,0.0008131364242679,0.3795398570918393,0.0030510535021905,0.4745008425020062
815,2022-04-01,675.2899780273438,739400,655.9126586914062,ASML,51.4489939660579,45.73238023866925,49.78700307695811,47.39195592070731,11.441566467145435,-115051.81938563602,11.441566467145435,-115051.81938563602,0.0148101417812407,0.1664213497870704,0.0104886969112987,0.3052926824982236,0.0009738051126638,0.3995211260855411,0.0032200758839384,0.5350230334962768
816,2022-04-04,672.489990234375,731200,668.7808227539062,ASML,54.17068517307643,45.648181455021074,51.54233360676736,47.34083669913333,11.267602918399575,-127523.56779646478,11.267602918399575,-127523.56779646478,-0.0031440341228507,0.1196680762514222,-0.0073262832133689,0.2617615731242141,-0.0160003897804532,0.3633139777751544,-0.0154523997896073,0.5305810893023076
817,2022-04-05,674.02001953125,1251500,635.0191040039062,ASML,46.79633670896793,51.6943857533232,47.0474771310838,50.84523878530541,8.326364309048813,-94593.1626914146,8.326364309048813,-94593.1626914146,0.033236846810789,-0.2305493155653003,0.0371869083330352,-0.2150219329229776,0.0317759641678284,-0.1780377283415551,0.035445747111742,-0.1015975537998399
818,2022-04-06,626.0900268554688,1110700,617.3867797851562,ASML,43.4839817509827,50.0791434421248,44.916534420666814,49.90897923813533,4.528750824577401,-78882.99937625835,4.528750824577401,-78882.99937625835,0.0418304571988977,-0.0886722898052119,0.0546615487047175,-0.0945103858727877,0.0535876958052042,-0.0646101016404287,0.0624679588203897,0.0118081762526638
819,2022-04-07,624.530029296875,713500,614.233642578125,ASML,42.90214579327704,45.75770486691884,44.54073604634281,47.34701018260407,1.2517911800970296,-97191.42749084265,1.2517911800970296,-97191.42749084265,0.031452427290661,0.279104590248401,0.0491527637986588,0.335101717487399,0.051621705388338,0.3991000211555414,0.0652584729817588,0.5525221354776332
820,2022-04-08,621.4199829101562,840800,600.1178588867188,ASML,40.31476285060118,47.31873062878894,42.86820255465737,48.23413875476207,-2.4501926308001885,-100321.55960676631,-2.4501926308001885,-100321.55960676631,0.0371426181029372,0.0569625159706899,0.060406858976289,0.1087876999011041,0.0668129180891883,0.16386254990208,0.0867733775178627,0.3050153597764333
821,2022-04-11,607.0399780273438,859600,587.1612548828125,ASML,38.05755283052762,47.55753801435118,41.38244304946939,48.36796490531582,-6.35131354539476,-100136.849622685,-6.35131354539476,-100136.849622685,0.0400191624364163,0.0225640479511061,0.0685688279745923,0.069167295855539,0.0790595433508859,0.1211071172207542,0.106411360255324,0.2656317304560542
822,2022-04-12,613.0700073242188,1067900,583.4874877929688,ASML,37.4210397001189,50.235508217357065,40.96311356177888,49.86388503803379,-9.626960849051216,-82304.31472111843,-9.626960849051216,-82304.31472111843,0.0310449030399888,-0.1179286102826289,0.0616064523927391,-0.11403809791036,0.0751218496016629,-0.0853748307729279,0.1089313931221495,0.0180272210899747
823,2022-04-13,601.4099731445312,934200,601.91552734375,ASML,42.58216126933311,48.531196508061136,43.9317210987367,48.91630968924584,-10.619179998531877,-78018.70570975426,-10.619179998531877,-78018.70570975426,-0.0003474762963126,0.0055405959317638,0.0238129142601303,0.0104385314779527,0.0369305014954409,0.0398332165921553,0.0720403087771762,0.1573037683641917
824,2022-04-14,614.52001953125,814200,587.2889404296875,ASML,39.79134378451884,46.997887705406605,42.178203821485134,48.06240046520809,-12.437975140588492,-83309.33647818654,-12.437975140588492,-83309.33647818654,0.0163660900605183,0.1024940839428919,0.0403455653882408,0.1303862223889965,0.0549110894606161,0.168951936960013,0.094867609821868,0.3150140361496564
825,2022-04-18,597.0499877929688,576800,594.8626098632812,ASML,41.90375455926455,44.04805072163474,43.39681406448921,46.393451939247306,-13.118943729991315,-105378.3057397612,-13.118943729991315,-105378.3057397612,0.0022839495184648,0.3708399019259161,0.0221728073038994,0.4873351658715938,0.0362951545304503,0.5688116915546763,0.0777543324754145,0.8226706162267639
826,2022-04-19,597.530029296875,1230800,606.2278442382812,ASML,45.00595853692659,52.793493388564734,45.20206772626487,51.25112094265611,-12.599069237104004,-69458.65609983623,-12.599069237104004,-69458.65609983623,-0.0110042214862006,-0.2383812937759352,0.002462449026266,-0.2478909273294075,0.014758842838735,-0.2316954332729565,0.0552923421854859,-0.1401080731719164
827,2022-04-20,650.760009765625,1857900,622.691162109375,ASML,49.21479171823845,59.32503942469115,47.71810136545262,55.29718512152076,-10.738615907102258,9354.708415151574,-10.738615907102258,9354.708415151574,-0.0247681726757617,-0.330301127215107,-0.0196704274133364,-0.4105239728243184,-0.0105615508048131,-0.4296447047006354,0.0263173151480502,-0.4134723666140006
828,2022-04-21,645.0599975585938,940700,609.0076904296875,ASML,46.07464303112701,48.75405683978226,45.89372966759468,49.08971476481147,-10.24725245729303,-1976.745153519092,-10.24725245729303,-1976.745153519092,-0.0019041363783994,0.2151118215138037,0.0019277011937669,0.1343668252855502,0.0102109160789964,0.1106545288025972,0.0474407393536581,0.1521911053580159
829,2022-04-22,615.0800170898438,1093400,596.856689453125,ASML,43.437702193719225,50.33270745321773,44.326132269466406,50.06189644629164,-10.71237576732392,1319.149045142578,-10.71237576732392,1319.149045142578,0.0122769474065445,0.0302760139613654,0.0182661287457974,-0.0196809075182457,0.0269299762483275,-0.0388982752523982,0.0660682139426989,-0.0083774937018905
830,2022-04-25,592.72998046875,2074700,589.2044677734375,ASML,41.82264247118975,59.02396219144639,43.35468010363308,55.72196592365412,-11.563685747962268,81986.86815057392,-11.563685747962268,81986.86815057392,0.0169491811243448,-0.3046854023343593,0.0257651482853424,-0.3954732530233966,0.0352337168453188,-0.4317985503402181,0.0767797773212479,-0.4586775846549863
831,2022-04-26,585.1500244140625,1803100,550.5116577148438,ASML,34.81067168098819,56.11217082812152,38.867998456286415,53.95873886865426,-15.17886576866249,122631.62217505276,-15.17886576866249,122631.62217505276,0.0589504238102488,-0.1333003546570148,0.0800682829370237,-0.2490657616140267,0.0944958903795838,-0.3029343330053765,0.1464825561934731,-0.3623487312080317
832,2022-04-27,552.0900268554688,1904400,547.0244750976562,ASML,34.256079264207315,56.960648687345,38.49401220600003,54.51789210324564,-18.11579675879659,161142.02236275747,-18.11579675879659,161142.02236275747,0.0438006948355087,-0.1196015786186596,0.0711437923086518,-0.2364626545653255,0.0887889666800742,-0.2975114387007693,0.1477601497141576,-0.3807271794195784
833,2022-04-28,574.9500122070312,1513500,580.0886840820312,ASML,43.41436859131691,52.744705638473405,43.83185470628453,51.98038027726269,-17.577454121932192,158350.27917089732,-17.577454121932192,158350.27917089732,-0.0104629483191006,0.0718558544999998,0.008255584076747,-0.0321215313204106,0.0233883855469336,-0.1015663600125715,0.0791104952802736,-0.2121259667417505
834,2022-04-29,576.4500122070312,1225300,553.79248046875,ASML,38.80781535514118,49.83122014723351,40.89184510863808,50.1864220479004,-19.049479999017308,131406.49767330918,-19.049479999017308,131406.49767330918,0.0243493924825597,0.215976406205691,0.04592573121079,0.1599798610447182,0.0629849627110868,0.0960331346248685,0.1252390279578229,-0.0257604761461911
835,2022-05-02,558.739990234375,1146700,560.9830322265625,ASML,40.65272777241083,49.03967917497554,41.99996083133255,49.69914147463252,-19.412900981274447,102538.95473193936,-19.412900981274447,102538.95473193936,0.0074796780430601,0.1995499494339312,0.0266066961012919,0.1959464640543884,0.0431898822434129,0.1497651738675066,0.1064702479413902,0.0394097425404105
836,2022-05-03,566.6300048828125,825300,564.7235717773438,ASML,41.63352342083417,45.84896456658919,42.58324097224871,47.7253813815509,-19.17838672355037,53151.90441960492,-19.17838672355037,53151.90441960492,0.0005376470195966,0.4444637723784395,0.0162055617009926,0.5413817887688779,0.031745124523951,0.5228326175507526,0.0952534636165718,0.4267721170146888
837,2022-05-04,579.0800170898438,1112800,586.4542846679688,ASML,47.07755475679787,49.02753043509384,45.87705312762487,49.59079883575525,-17.04486730490578,36756.92403905047,-17.04486730490578,36756.92403905047,-0.0243577848612635,0.0475173444428026,-0.0175494500357948,0.1171264551694819,-0.0056748774321926,0.113222986481449,0.0525255993358157,0.0558745362420692
838,2022-05-05,582.3200073242188,1231800,558.281494140625,ASML,41.67772288653892,50.32074869536888,42.57841761661759,50.35463765702684,-17.42366554337093,32974.1988472254,-17.42366554337093,32974.1988472254,0.0165843018575106,-0.0357864908286242,0.0262050213559686,0.0075310981574189,0.0389393930797379,0.0049685191889811,0.101496904291952,-0.0443208884085052
839,2022-05-06,555.1500244140625,1214600,545.2489624023438,ASML,39.43580745378992,50.12381276417127,41.15260059961513,50.24001988374742,-18.560281193624174,28264.221604980296,-18.560281193624174,28264.221604980296,0.0272551220887637,-0.014754816072616,0.0415091101998609,0.0178353711953636,0.0558005922060694,0.0167999293552309,0.1228121253838668,-0.0295801255757279
840,2022-05-09,530.2100219726562,1714700,507.30908203125,ASML,33.769833737354105,55.54383973030916,37.35889019534896,53.44921882141355,-22.26255469290743,64103.55866977596,-22.26255469290743,64103.55866977596,0.0693866379561338,-0.2014040160968097,0.0976908691635789,-0.2282898372530048,0.1179152129738402,-0.2447850674050822,0.1986741854579379,-0.3003483488872995
841,2022-05-10,529.2000122070312,1232900,517.9072875976562,ASML,36.50041020449358,49.94180728703356,38.99531196996614,50.200141189361446,-24.06480559564727,53055.46243990236,-24.06480559564727,53055.46243990236,0.0316688161884133,0.0737840503954364,0.061550387443554,0.0599593526394128,0.0831588921523758,0.0440495290010886,0.1673158742556603,-0.0258780649165378
842,2022-05-11,531.280029296875,1302800,515.8589477539062,ASML,36.19142542731472,50.71449242249844,38.79129395691249,50.65347121136888,-25.36577666963649,49365.92464859667,-25.36577666963649,49365.92464859667,0.0238435339965859,0.010781064237301,0.0538081560731197,0.00252707265625,0.0765273516629865,-0.0104716140103915,0.1652078021597073,-0.0750788384225888
843,2022-05-12,514.7000122070312,1134800,516.9078369140625,ASML,36.4864083122234,48.77572181891246,38.96163345712088,49.5247935829929,-26.012335007384763,32522.244470147183,-26.012335007384763,32522.244470147183,0.0145106605015258,0.1069472274047444,0.0422752989190771,0.1235003710953522,0.0650500414173584,0.1190191078682183,0.1564573920700582,0.059424433014879
844,2022-05-13,540.5599975585938,946800,542.596923828125,ASML,43.35773619286861,46.6380241820361,43.00798855725699,48.2710048052821,-24.17474790003712,3969.663270067889,-24.17474790003712,3969.663270067889,-0.0223473595017846,0.2178310897471511,-0.0057852893670459,0.2835708789483284,0.0127973737418103,0.2985636070529652,0.0977168254734108,0.2592076402387184
845,2022-05-16,533.25,757800,529.366455078125,ASML,40.91516042335658,44.53561518658578,41.53096164813016,47.02431920614928,-23.514186671453103,-33511.63709954149,-23.514186671453103,-33511.63709954149,0.0013914245579807,0.3477104563848006,0.0155971171598566,0.4939374953447173,0.0333464628503082,0.5446292164991146,0.120244163865983,0.5507809473016034
846,2022-05-17,556.9500122070312,895800,555.7680053710938,ASML,47.266762766861234,46.424997175562645,45.42680613355153,48.04489411559945,-20.62396498356827,-51493.959788471,-20.62396498356827,-51493.959788471,-0.0307861992284172,0.0933950910533616,-0.0267123619069524,0.2158306953408878,-0.0137744885590017,0.2683411673701165,0.0643988608066707,0.2996490877119935
847,2022-05-18,547.1799926757812,1037900,522.7858276367188,ASML,41.32119619001615,48.36554083428119,41.80225649040565,49.09675325006635,-20.75393459266581,-53667.09516148106,-20.75393459266581,-53667.09516148106,0.0202405298144005,-0.0375352008442679,0.0283840752088496,0.0403936473103299,0.042390041616554,0.0828548179149066,0.1263921478069653,0.1169396913044211
848,2022-05-19,523.77001953125,905500,520.5098266601562,ASML,40.940440642252426,46.67771385993065,41.56387105327237,48.15061657928969,-20.80068474619543,-65313.78960785759,-20.80068474619543,-65313.78960785759,0.0164677814568705,0.0687960353717904,0.0269024942902031,0.1575142913398445,0.0410795313087524,0.2110388057146839,0.1261677487321313,0.2692654599806863
849,2022-05-20,541.4400024414062,1205700,527.278564453125,ASML,42.62503091734057,50.844930826540406,42.57829637703411,50.40779550092935,-20.060577668753357,-49759.4071626591,-20.060577668753357,-49759.4071626591,0.0022795089100505,-0.131544712598957,0.0112254746283503,-0.1069267406128418,0.0242506855937027,-0.0791791625173629,0.1073301755887955,-0.0449275447081743
850,2022-05-23,549.239990234375,977000,548.8212280273438,ASML,47.710953458317256,47.79599978365104,45.70317772774338,48.72452374529435,-17.534439792019498,-55240.78934212448,-17.534439792019498,-55240.78934212448,-0.0247083826811641,0.0478311429678864,-0.023291804269192,0.0835587475191093,-0.0139595953749523,0.1193239235247837,0.0613600868586983,0.1716340961310607
851,2022-05-24,555.5700073242188,1085500,540.7266235351562,ASML,46.06697387622429,49.34015376495686,44.74999653144767,49.55695837341629,-16.00087521978537,-50254.39869051823,-16.00087521978537,-50254.39869051823,-0.0067389326331838,-0.0379358042808996,-0.0070941391775855,-0.0202477227138286,0.0007011342187944,0.0065127030154301,0.0742191508535966,0.0523864322772062
852,2022-05-25,541.6900024414062,832600,542.3594360351562,ASML,46.46564502196701,45.94610674574985,44.991060217614624,47.67762882768579,-14.486814602987463,-65940.80605751323,-14.486814602987463,-65940.80605751323,-0.0064861448434112,0.1695257302050472,-0.0082500172645099,0.226922223150618,-0.0020226056157377,0.2732084395061773,0.0682014052028176,0.3574559292084909
853,2022-05-26,542.4000244140625,933800,554.2242431640625,ASML,49.37890435252896,47.49462395322487,46.74969130780535,48.491835805509496,-12.189378090150283,-69409.37514909077,-12.189378090150283,-69409.37514909077,-0.018503495865863,0.0285193995635913,-0.0241211088983123,0.0768725040359859,-0.0204638523370666,0.1183221015112847,0.0435556182706489,0.2020937540954417
854,2022-05-27,572.6300048828125,843900,577.2909545898438,ASML,54.53277211243206,46.233979168075535,49.98765837751348,47.80347705804991,-8.411068753928589,-78504.77969932894,-8.411068753928589,-78504.77969932894,-0.0384806507625525,0.0920578388533251,-0.0516388313593914,0.1567561751628513,-0.0521526276268519,0.2077740622020772,0.0017855725557388,0.3172047201750473
855,2022-05-31,584.5900268554688,822300,570.2749633789062,ASML,52.781514035749375,45.92021060257986,49.04281929976323,47.63424279209168,-5.914502603899109,-86458.58700992807,-5.914502603899109,-86458.58700992807,-0.0177674997466283,0.0804958532638706,-0.0327038015184068,0.153115853092697,-0.0354300015810001,0.2095621606540088,0.0135570143413935,0.3380085056603643
856,2022-06-01,577.4400024414062,542100,557.7767944335938,ASML,49.73320097555536,41.962141215496125,47.380994086443785,45.45955392197113,-4.887801798351688,-114050.04476852564,-4.887801798351688,-114050.04476852564,0.0028276647595469,0.4259875055511049,-0.0090241233287194,0.6129302701586627,-0.0120896741088946,0.7304143038508901,0.0348456325115165,0.9892203998257092
857,2022-06-02,564.4199829101562,669200,574.4805908203125,ASML,53.57277029796408,44.295649205515566,49.75144546739261,46.611239401820505,-2.6955918380776893,-124231.30824219214,-2.6955918380776893,-124231.30824219214,-0.017553932883739,0.1034347746157142,-0.0309584296829239,0.2508457174206785,-0.0357126844277082,0.3515397412625097,0.0045695890801375,0.587434295516166
858,2022-06-03,567.1599731445312,531000,557.766845703125,ASML,49.517827982910106,42.31364720966492,47.52016723856259,45.52247887212885,-2.2802695499536867,-141813.8196029166,-2.2802695499536867,-141813.8196029166,0.0079236828482338,0.2604124936256573,-0.001571436458152,0.4715962312756827,-0.0059651924306288,0.615384360633263,0.0333123021456666,0.9613470882689524
859,2022-06-06,579.6099853515625,483300,565.7230224609375,ASML,51.39421495549446,41.624884513718,48.66185568540305,45.1433606088107,-1.2943641991817003,-157777.2613318601,-1.2943641991817003,-157777.2613318601,-0.0041676568789399,0.2565404981243177,-0.0127743282124311,0.5046852866216142,-0.0174519022850199,0.6779649463257394,0.0180436017118231,1.1096339256528795
860,2022-06-07,564.719970703125,479000,570.9874267578125,ASML,52.64212874726969,41.55954539917396,49.42026781153747,45.10808438973809,-0.087325700314409,-168829.0375880691,-0.087325700314409,-168829.0375880691,-0.0088993713764581,0.1785470045142418,-0.0178988534120177,0.4239760089614793,-0.0231969710433068,0.6063995850507852,0.0083179110305255,1.084314451558959
861,2022-06-08,573.5999755859375,605700,561.5173950195312,ASML,50.16002576463873,44.31885082981283,48.08907044249212,46.39378605507918,0.1040677424537079,-165458.7810157343,0.1040677424537079,-165458.7810157343,0.0052104085764759,-0.0453205490481295,-0.0010928013467092,0.1031804785796953,-0.0058827272535486,0.2365770613908045,0.0243301967380739,0.6228944145823928
862,2022-06-09,559.4099731445312,658600,536.74853515625,ASML,44.30585626656944,45.47060332866901,44.80123064307665,46.93435746252538,-1.7226436002308674,-156713.52531342313,-1.7226436002308674,-156713.52531342313,0.0343979760852314,-0.0813348077320093,0.036820542724307,0.0119216717115498,0.0349929327748576,0.120096242520284,0.0687912501139565,0.4732251477797589
863,2022-06-10,532.0599975585938,928900,516.0864868164062,ASML,40.12074410675791,51.01744770292025,42.28884548577143,49.637472884334926,-4.782148610828813,-126517.39456926077,-4.782148610828813,-126517.39456926077,0.0505407686701033,-0.2324377251747954,0.0640887623737995,-0.2311664317616105,0.0668761882180447,-0.1801098480370581,0.1072056557518079,0.0427859651424036
864,2022-06-13,498.0499877929688,1395100,488.42822265625,ASML,35.33387059673154,58.76809743170863,39.22190549766114,53.860100625836274,-9.330679911392394,-64234.1672316636,-9.330679911392394,-64234.1672316636,0.0733532167215125,-0.3259557990657145,0.1017368199103375,-0.3993440995542997,0.1113789877758685,-0.3973306810346357,0.1632405977319609,-0.2936938912521814
865,2022-06-14,493.7900085449219,965400,486.04339599609375,ASML,34.94865087858933,50.8259410210689,38.96807194250248,49.847375330433806,-12.978214647931054,-48977.575666302815,-12.978214647931054,-48977.575666302815,0.0524131634395192,-0.017292269371299,0.0876621401130123,-0.1079933498685268,0.102228082199019,-0.1129469949994746,0.1623227503462007,0.0198721847164846
866,2022-06-15,499.3800048828125,841700,500.05560302734375,ASML,39.12655191171611,48.79211401775911,41.29340790508636,48.758064455758586,-14.570438840643646,-46332.65394975466,-14.570438840643646,-46332.65394975466,0.0152821204314025,0.0847539053098474,0.0467872651993866,0.0188999514329568,0.0624244431360885,0.01524099993949,0.1246646069694382,0.1631000228095666
867,2022-06-16,479.760009765625,1223100,463.263671875,ASML,33.13898587906337,54.7709940144977,37.396384288390166,52.11865528718818,-18.586435562007978,-13311.384316317504,-18.586435562007978,-13311.384316317504,0.0639431980789184,-0.169003699834138,0.1062998578989437,-0.2444925485844406,0.1284509758859576,-0.2636744289568022,0.2055927874958706,-0.1917630839871398
868,2022-06-17,467.5,1328700,468.409423828125,ASML,34.63785773234534,56.285108947530304,38.245459643967344,53.00750957221364,-21.11061444440935,21134.53253256541,-21.11061444440935,21134.53253256541,0.034836772468988,-0.1566987407577,0.0770289592904219,-0.2491669591988522,0.1015474956802276,-0.281920425829707,0.1848055602970701,-0.2459595029965728
869,2022-06-21,488.9800109863281,1081400,489.190185546875,ASML,40.41731980699322,51.92366254518323,41.57864762263344,50.71106519928302,-21.190127809421256,28155.79569799581,-21.190127809421256,28155.79569799581,-0.00608200972461,0.0241010931232624,0.0255901511134567,-0.0633785537424244,0.0479096119228395,-0.1029930747872575,0.1292015768399503,-0.0706385185135057
870,2022-06-22,486.4400024414063,845800,480.4325866699219,ASML,38.8655999196608,48.1177668208945,40.616274787593255,48.62071150586708,-21.70947549746245,14543.59197276947,-21.70947549746245,14543.59197276947,0.0080237957370225,0.2062449137727564,0.0362333394277997,0.1616072881883186,0.0586350671284693,0.128511915121101,0.1439113728663589,0.1808558969091855
871,2022-06-23,483.8999938964844,739100,480.4325866699219,ASML,38.8655999196608,46.46515331560111,40.61627478759326,47.69325844659706,-21.86896594131258,-4797.816304503125,-21.86896594131258,-4797.816304503125,0.0053491971580151,0.2535894539024917,0.0296454595318361,0.2694292812077488,0.0513056837374106,0.2550006164027178,0.1382677896166978,0.3375522419339809
872,2022-06-24,499.0499877929688,907800,509.8820190429688,ASML,46.75656635864391,49.4086015679737,45.240921289772345,49.286471609777145,-19.395670335160677,-6440.315634349594,-19.395670335160677,-6440.315634349594,-0.0351447364186538,0.0137533710650889,-0.0244015608233199,0.027430615039939,-0.0082380749159799,0.0190566051281589,0.0696803660748257,0.0854999209175567
873,2022-06-27,514.969970703125,696500,502.73736572265625,ASML,45.238738624561776,46.01350016435752,44.36772621937956,47.40268234210594,-17.80676499918485,-24508.20465945092,-17.80676499918485,-24508.20465945092,-0.0142884622975724,0.2141998662387057,-0.0086210518781428,0.2774670248644925,0.0051243081251413,0.2871854097177672,0.0815534202218269,0.3985452354838321
874,2022-06-28,508.0499877929688,847200,485.2913513183594,ASML,41.69740238372437,48.70681329367984,42.29149049399989,48.85496318210736,-17.750565529832556,-26363.925569846644,-17.750565529832556,-26363.925569846644,0.0140982943966999,-0.001188065128062,0.0221061215212276,0.0410981678001407,0.0361008311360846,0.0509431753244473,0.115711865111595,0.1438984953713724
875,2022-06-29,491.1000061035156,847400,479.5617980957031,ASML,40.5796321572075,48.71045169430784,41.625116186439215,48.85691536022255,-17.96127214577041,-27501.436214696383,-17.96127214577041,-27501.436214696383,0.0174761398310353,-0.0009492005164772,0.0280781265239652,0.0334247333922492,0.0424196686133716,0.0443582438848393,0.1239813432026303,0.1379960261064458
876,2022-06-30,474.1499938964844,866400,470.9129943847656,ASML,38.89339782050068,49.07810814934073,40.61875040568822,49.04936535978116,-18.61155358008989,-26563.66878797114,-18.61155358008989,-26563.66878797114,0.0241087602949239,-0.0152388061847204,0.0384216901980494,0.0088051993294434,0.053869185040664,0.0187736944650406,0.1389528759623498,0.1086070327885391
877,2022-07-01,455.2999877929688,1570200,445.1348571777344,ASML,34.3369143287738,60.35643968148656,37.78267749979477,55.50925505087304,-20.96518218151499,30613.900653235032,-20.96518218151499,30613.900653235032,0.0556105116006714,-0.3044210511096002,0.0806380128140097,-0.3627528964294492,0.1005371881420168,-0.3831312331079179,0.1968748933033979,-0.3730690042333619
878,2022-07-05,419.1900024414063,2778300,427.8868408203125,ASML,31.676541398104263,71.83086010414345,36.02934766576341,63.73145488011168,-23.946101751491653,171429.37791217747,-23.946101751491653,171429.37791217747,0.0654412794682571,-0.4045884016490406,0.1016167688280745,-0.5235134428758492,0.126787131926763,-0.5699460387459223,0.235508060494382,-0.6203592870793045
879,2022-07-06,433.25,1464700,424.403564453125,ASML,31.15425273941932,53.71755122406989,35.681021804937586,52.70031097336496,-26.28653955385721,175018.12394402805,-26.28653955385721,175018.12394402805,0.0494572325889387,0.0862666046282382,0.0905385659055322,-0.0786941530116467,0.1190307957382344,-0.1612247863158473,0.2360151742305742,-0.268906918733665
880,2022-07-07,438.760009765625,1400900,447.1832885742188,ASML,38.28429763536813,53.021787386372885,39.65529555697963,52.24282302278348,-26.003553578467177,170746.08365973597,-26.003553578467177,170746.08365973597,-0.0026684037143811,0.0904916819182814,0.0286249300139293,-0.0300566475606871,0.0542734920026836,-0.1076470136713676,0.1662656355277809,-0.2263717054385312
881,2022-07-08,444.6099853515625,739100,448.2223510742188,ASML,38.59509308966031,46.34969791639426,39.83194269661424,47.76269752269614,-25.402617647883854,112662.4363416382,-25.402617647883854,112662.4363416382,-0.0033202688247481,0.7112883211106488,0.0214694073348012,0.6859992843741279,0.0453508042836978,0.6049555354205227,0.1571478188959256,0.4480573356229999
882,2022-07-11,449.55999755859375,745600,434.4773254394531,ASML,36.02388825928468,46.42064830346196,38.28755023066022,47.80848838052084,-25.73873194026117,66389.91573204845,-25.73873194026117,66389.91573204845,0.0188069759812996,0.464246421792633,0.0440054023712998,0.5492463226356153,0.0686186235484622,0.5170933566264012,0.1861568449691982,0.4183576238425955
883,2022-07-12,440.5700073242188,848000,429.9549865722656,ASML,35.19728982601764,47.59053063872904,37.78544238029297,48.54862247610739,-26.069490839409013,37548.29340801528,-26.069490839409013,37548.29340801528,0.0196819727453231,0.1916211730256188,0.0449888946505605,0.2963188811550205,0.0698762172260046,0.2921600304988964,0.1908435111104114,0.2373946719504931
884,2022-07-13,430.4800109863281,1052500,442.3443298339844,ASML,39.28648443378712,49.92980206625211,40.02978416356402,50.02298067500812,-25.043254215720538,30836.4916624655,-25.043254215720538,30836.4916624655,-0.0059184375450402,-0.0266066478380205,0.0128621945274797,0.0363641287821305,0.0349218880821423,0.0359574751830699,0.1513138509551426,-0.0029113984651505
885,2022-07-14,442.2000122070313,1075900,452.131103515625,ASML,42.364623438821056,50.20230168062399,41.7586003010736,50.19309733590748,-23.173142970455785,27093.149400976952,-23.173142970455785,27093.149400976952,-0.0182908023428163,-0.0318514712330863,-0.0074144410934158,0.0113105484531961,0.010955085312101,0.0117479201611752,0.121436079725234,-0.0236327105504733
886,2022-07-15,465.3900146484375,1630500,470.6655883789063,ASML,47.74075823492121,56.24879813806788,44.89255840601338,54.054230689626856,-19.965385143067977,68091.80843821447,-19.965385143067977,68091.80843821447,-0.0379665537096745,-0.2407723593579383,-0.038046905089845,-0.2721908409730901,-0.0252486724947155,-0.2908404545300629,0.0742443231336235,-0.341784911771097
887,2022-07-18,483.6099853515625,1039500,468.5380554199219,ASML,47.199286923043815,49.40030531501272,44.60556299552971,49.77130375117162,-17.3943715697136,52293.32123527443,-17.3943715697136,52293.32123527443,-0.0223987745134742,0.1272539157074759,-0.027555445643836,0.1158542572163529,-0.0182197149104792,0.0983035680881583,0.0760194081259491,0.0311662916089766
888,2022-07-19,484.8699951171875,1415000,493.1583557128906,ASML,53.70901481828128,53.27318183485871,48.568995086239866,52.27404981043459,-13.217857440915338,69273.27959657321,-13.217857440915338,69273.27959657321,-0.0474695104057604,-0.1145910740268921,-0.0622664971582954,-0.1474863794803989,-0.0588296101858849,-0.1690100783397981,0.0214259851082946,-0.2329665260687447
889,2022-07-20,492.8999938964844,2294900,509.0507507324219,ASML,57.346003933824846,60.80504649299037,50.92973656445108,57.44921907566109,-8.527290979965471,151976.95417005243,-8.527290979965471,151976.95417005243,-0.0514714635180399,-0.3027136606527669,-0.0748981841136541,-0.388107187981369,-0.0771860569574757,-0.4266713596428875,-0.0100522963917782,-0.5063899925151715
890,2022-07-21,530.0,2281900,536.610107421875,ASML,62.77940579926357,60.6502922893869,54.686864843987024,57.35350655532875,-2.556751995886429,214004.31021047407,-2.556751995886429,214004.31021047407,-0.0667908202386773,-0.1991608103866762,-0.100153469088542,-0.3146900976174557,-0.10900764634224,-0.3704794646298718,-0.0585062682713613,-0.483829740243384
891,2022-07-22,542.4099731445312,1459900,528.6836547851562,ASML,60.40813818343795,51.73073731085617,53.46052893469504,51.682203245636885,1.5178599637459342,194591.1508786271,1.5178599637459342,194591.1508786271,-0.0351995959949453,0.1678356722052394,-0.0709054712489964,0.0582342499312249,-0.0836930227636369,-0.0140231892914183,-0.0426498241763461,-0.1856224792298093
892,2022-07-25,535.4199829101562,1194600,533.344482421875,ASML,61.32838241701249,49.22725479869904,54.09110316235996,50.01934547968672,5.064718037245086,156000.7229835582,5.064718037245086,156000.7229835582,-0.0290872403124509,0.2847945185849821,-0.0646565782512008,0.2399316342687059,-0.0802379458359865,0.1793270573491345,-0.0490153553326879,-0.004576519401889
893,2022-07-26,528.0499877929688,1029500,518.6989135742188,ASML,56.87751916906274,47.68845475302494,51.79407244609516,48.99740465190255,6.617590572635322,110818.13970441835,6.617590572635322,110818.13970441835,-0.0011155479722494,0.3272239157530321,-0.0312929732910111,0.3590004832598846,-0.0474847432579095,0.3223978532011817,-0.0212949305042198,0.1489779277243411
894,2022-07-27,533.6199951171875,1110900,540.479248046875,ASML,61.34728036509525,48.53822570930449,54.76956453507275,49.5270106214944,9.49624762684624,80649.1384695014,9.49624762684624,80649.1384695014,-0.0275791877606158,0.1533153426757563,-0.0575428184131649,0.2122536991010121,-0.0751357095709936,0.1973130039938693,-0.0583532080244059,0.0622471102395029
895,2022-07-28,547.7999877929688,1216800,554.8576049804688,ASML,63.98750983828983,49.677687338062384,56.61122362714532,50.22741859749112,12.790359389602088,64541.11347401701,12.790359389602088,64541.11347401701,-0.0351854065299338,0.0352936742157012,-0.0670624977006913,0.0873403942518249,-0.0867144871388891,0.0814703641680561,-0.079509383508593,-0.0290175222781687
896,2022-07-29,561.4500122070312,1210700,568.4443359375,ASML,66.31690187874483,49.60989504005733,58.28317707218524,50.18563228021765,16.309282588074268,50698.75260757515,16.309282588074268,50698.75260757515,-0.0388306814010073,0.0270066037750422,-0.0731137088356674,0.0759427022331621,-0.0949755406885746,0.0760543460227384,-0.0975297777165854,-0.0231792259913762
897,2022-08-01,573.239990234375,895500,572.1156005859375,ASML,66.93606896364273,46.12510996750596,58.730789791873285,48.03466811996472,19.17327259480157,14132.00811676914,19.17327259480157,14132.00811676914,-0.0299990019791657,0.2589963857736412,-0.0646867115066478,0.3719907077146545,-0.0881851957071367,0.397955468608055,-0.0992691262316592,0.3080699498258132
898,2022-08-02,562.0800170898438,876600,559.6964721679688,ASML,62.75504077497443,45.91789150558164,56.59113462351124,47.90641975064491,20.20795220955233,-16185.86878940207,20.20795220955233,-16185.86878940207,-0.0056504061900378,0.1907607144728084,-0.0359451866039704,0.3285585950704433,-0.0594587865357672,0.374584168230891,-0.0761736429371442,0.3230855257027323
899,2022-08-03,570.0,825900,577.7659301757812,ASML,66.05990191759162,45.33254835171905,58.862557569577504,47.55165730728897,22.229729935018327,-43799.13154188288,22.229729935018327,-43799.13154188288,-0.0244989297681305,0.1759057531637115,-0.054078312108268,0.3355491177612034,-0.0777646921369894,0.4015957399652491,-0.1009458013104078,0.3884513820863216
900,2022-08-04,583.1699829101562,680100,583.7166137695312,ASML,67.09027596260012,43.619300900366646,59.58796302227047,46.51970597822163,24.03510633923588,-76564.96212374349,24.03510633923588,-76564.96212374349,-0.0229624330999805,0.2853311390853399,-0.052135761075143,0.5087981910722755,-0.0762705961604686,0.6143113974895411,-0.1057930998714598,0.6592017271620828
901,2022-08-05,571.6300048828125,767900,572.6564331054688,ASML,63.26548881911529,44.96137879140132,57.62077114011368,47.23796461438639,24.293385034664997,-94359.73656772915,24.293385034664997,-94359.73656772915,-0.0027280732314599,0.0922461324755304,-0.0276781795321633,0.275142697052681,-0.0511261248145338,0.376017754595074,-0.0850510801701169,0.4510807840457091
902,2022-08-08,578.0,700600,568.1332397460938,ASML,61.72362758059942,44.099269292107664,56.8216479960474,46.73678291955557,23.85807072117973,-112594.79621797043,23.85807072117973,-112594.79621797043,0.0034744721440344,0.1314452422951373,-0.0163121223117657,0.3253365548491921,-0.0381252064404356,0.4446738931406833,-0.0747170383888271,0.5673165793288192
903,2022-08-09,551.0999755859375,1138500,536.748291015625,ASML,52.25576167320226,50.69063386842929,51.64479061531296,50.31001740311278,20.741503550655693,-90666.48636412607,20.741503550655693,-90666.48636412607,0.0414333402384266,-0.202494196016997,0.0337143654655067,-0.1508941499623831,0.0158531622027899,-0.0971157546398178,-0.0198051694387905,-0.0341257799062963
904,2022-08-10,558.719970703125,1074800,561.4871826171875,ASML,57.731464769727545,49.77587948010631,55.01031620506812,49.8037390884191,20.03683578899745,-77534.39301002503,20.03683578899745,-77534.39301002503,-0.0029678528912769,-0.1034856979068049,-0.0096796303311394,-0.0822848147299759,-0.0252917922018725,-0.0381540759445976,-0.060521865536367,0.0222119241383238
905,2022-08-11,565.739990234375,833300,557.8765258789062,ASML,56.71432444134841,46.376383117167165,54.4343232277621,47.90012894440068,18.96837789930555,-85626.95260686136,18.96837789930555,-85626.95260686136,0.00232338792994,0.1042230264328701,-0.002675565105846,0.150283378261021,-0.0166104235033505,0.2105250201342891,-0.0523064705764493,0.305972131288302
906,2022-08-12,562.6199951171875,811600,571.3173828125,ASML,59.55631723184828,46.07344622974608,56.21217655301343,47.72937404810735,18.987301023815576,-92722.5124291114,18.987301023815576,-92722.5124291114,-0.014171566409297,0.0891646524778304,-0.0213862065496316,0.1481227039679396,-0.0347775073932303,0.2125298014639789,-0.0716764139286008,0.3275220642141053
907,2022-08-15,569.1099853515625,783100,570.3056030273438,ASML,59.2426023201245,45.65380264296649,56.04072176012056,47.49772889338563,18.70503583411289,-99498.53375939804,18.70503583411289,-99498.53375939804,-0.0082817380816522,0.0858690094504809,-0.0160773109884523,0.1553786790103918,-0.0289319669874601,0.224576093103875,-0.067283220169299,0.3610970090838628
908,2022-08-16,566.4000244140625,697000,562.1121826171875,ASML,56.65334421988841,44.3463987762084,54.63500373519963,46.78320863785706,17.617122431626626,-110541.83162705252,17.617122431626626,-110541.83162705252,0.0041157843418698,0.1466705129609484,-0.0014199755566521,0.2439015771223869,-0.0129303587175054,0.3288663503528536,-0.0515824142035521,0.5084783054228226
909,2022-08-17,559.0999755859375,667700,552.7879638671875,ASML,53.78699603871132,43.88814325295898,53.05733468997602,46.53505811361362,15.820195168961732,-120271.56009431486,15.820195168961732,-120271.56009431486,0.014035220289741,0.1313257925553204,0.012619387167824,0.2442161821842598,0.0032542645339726,0.3387821857442663,-0.0341893794285063,0.552137115855884
910,2022-08-18,557.280029296875,580600,556.7755126953125,ASML,54.83405532941852,42.48969399905016,53.65352371246201,45.78307267605152,14.55015251237694,-133472.06345084833,14.55015251237694,-133472.06345084833,0.0045152273310459,0.2006960979322396,0.0043913028065439,0.3525300321923827,-0.0034395401710849,0.4721697506782049,-0.0394943659069133,0.7542007139535069
911,2022-08-19,557.1900024414062,794400,540.8648071289062,ASML,49.99175108802717,46.93649983016761,50.96331430802474,47.93436131101232,12.120066720673549,-125238.09341364005,12.120066720673549,-125238.09341364005,0.0227101404217069,-0.081634647147148,0.0277671604915005,-0.0093941190357415,0.0226418819172105,0.0664640453024862,-0.0107982738962629,0.2710235815302436
912,2022-08-22,529.2899780273438,795800,515.8778686523438,ASML,43.52446620409086,46.96527026370806,47.09999114641517,47.94844922063445,8.084781202468662,-117248.08148237306,8.084781202468662,-117248.08148237306,0.0481639246552445,-0.0555001790179227,0.0634482390118295,-0.0091119506337749,0.0631525320348868,0.0565143979514428,0.0356589977360675,0.2582468628242798
913,2022-08-23,520.0,592900,521.5120849609375,ASML,45.236065034663945,43.31824632419578,48.025421177272285,46.06668546059517,5.280549979954003,-125837.63213404616,5.280549979954003,-125837.63213404616,0.0245599760677006,0.1784819896975736,0.0425120339412873,0.2699885596483812,0.0452083102822691,0.3658119213249088,0.0235105224497807,0.6618260467275351
914,2022-08-24,522.8599853515625,485200,521.20458984375,ASML,45.156040083581374,41.48609546630524,47.97770553292474,45.08828494214048,2.9987961481209595,-139724.71110575832,2.9987961481209595,-139724.71110575832,0.0167762905372428,0.2933800105684138,0.0352857967008506,0.4515449960915323,0.040096832929969,0.5853589285538875,0.023168701745949,0.9902824180904994
915,2022-08-25,522.3599853515625,758300,535.3892822265625,ASML,49.56575994051085,47.51694746398703,50.34817982334312,48.00520382892493,2.308461688307148,-127226.91256540618,2.308461688307148,-127226.91256540618,-0.0067748993550039,-0.1149518826077679,0.0064282608056424,-0.0582754859635185,0.0109727931641498,0.012596113830348,-0.0037848170954631,0.2627618132824973
916,2022-08-26,539.5499877929688,1229700,505.82952880859375,ASML,42.02177670535612,55.91927199417037,45.81632822579835,52.53834141084761,-0.6167416728166017,-78380.86720797746,-0.6167416728166017,-78380.86720797746,0.0341782404785214,-0.3028207490073299,0.0533798913547325,-0.3430483938473704,0.0612956714644627,-0.3286308213565432,0.0522975827085351,-0.2126333719591456
917,2022-08-29,506.3200073242188,754100,495.8506164550781,ASML,39.82914565077817,47.66958894900113,44.41063655515193,48.12850548889366,-3.6975755185322896,-77157.43879489473,-3.6975755185322896,-77157.43879489473,0.036660605332054,0.0912534367198749,0.0610191727770745,0.0583212391379243,0.0723223137317429,0.0829430368725984,0.0705935304305168,0.2728122182419789
918,2022-08-30,506.5499877929688,1006400,489.0458984375,ASML,38.36651830811891,51.718129290274646,43.46341978945856,50.42776880566933,-6.61202159851598,-55193.18201215891,-6.61202159851598,-55193.18201215891,0.0340566558284389,-0.1215459614265648,0.0620038496772661,-0.1693596963158352,0.0763375365197473,-0.1649777165218371,0.0821375094115551,-0.04446138838809
919,2022-08-31,500.8500061035156,936000,485.9907531738281,ASML,37.70053225606853,50.54896583536885,43.034154129298514,49.78633144613487,-9.06378344744769,-42971.67764150805,-9.06378344744769,-42971.67764150805,0.0270381181567016,-0.0369828031194406,0.0561927756031006,-0.0874506978778468,0.0727158718869748,-0.089401043984113,0.0854524331666071,0.0263333517174686
920,2022-09-01,477.9200134277344,1665500,466.1321411132813,ASML,33.634440267648955,60.470331514801536,40.336732924917285,55.84829574250829,-12.465547626552793,25286.88182145928,-12.465547626552793,25286.88182145928,0.0471953258992363,-0.3058604638125874,0.0827915900678363,-0.398579988478643,0.1036146565980483,-0.4272182257718334,0.1265313808169893,-0.4066110648845958
921,2022-09-02,479.8599853515625,1145400,463.4241333007813,ASML,33.11265954937673,52.43438499016296,39.98076051789327,51.25312068612643,-15.204712803078792,36988.26686429046,-15.204712803078792,36988.26686429046,0.0355430577866405,0.006221638740548,0.0729154282621262,-0.1026727254711035,0.0963056520869415,-0.1462397072159202,0.127894073660704,-0.1317876056604837
922,2022-09-06,469.3599853515625,996900,466.1321411132813,ASML,34.20624250974761,50.38601899352496,40.52747522690206,50.028840171273885,-16.96148619871957,33888.36863261019,-16.96148619871957,33888.36863261019,0.0196846941359611,0.1040734711027009,0.0545582420507031,0.0253593359604393,0.0786945543124661,-0.0166792963832637,0.1165830494345637,-0.0023607822023249
923,2022-09-07,468.8900146484375,745400,472.8376159667969,ASML,36.94147630780486,47.05073692652621,41.89271596630745,48.005844111111806,-17.6096735142458,11010.838954025414,-17.6096735142458,11010.838954025414,0.0034827936523752,0.3177272545767665,0.0324026054745325,0.3038059489926893,0.0554725598728335,0.2757088251356101,0.0967974789564566,0.3211377566697342
924,2022-09-08,465.4500122070313,943300,478.8587036132813,ASML,39.36658081102654,49.84951637375652,43.11415351389097,49.67387714629562,-17.436518585035003,8748.23762378993,-17.436518585035003,8748.23762378993,-0.0060898852013259,0.0275160928382782,0.0158901964690936,0.0247691941648136,0.036926074471482,0.0070621101177497,0.0797513763500869,0.0422448539495133
925,2022-09-09,495.5199890136719,1012800,496.9615783691406,ASML,46.05020851670104,50.8275037423093,46.627793128019,50.257650393435846,-15.658047324248455,12420.000314430685,-15.658047324248455,12420.000314430685,-0.028196773088572,-0.0286624997535887,-0.0172765217823571,-0.037269942221293,-0.0007403787240668,-0.0542886281449307,0.0388340879121752,-0.0281276336268658
926,2022-09-12,506.7699890136719,1041400,500.8598937988281,ASML,47.38826807095072,51.246689657318846,47.35716739462857,50.50376245473304,-13.77524257051192,17436.67715738248,-13.77524257051192,17436.67715738248,-0.0238403706777858,-0.0368922474556266,-0.0203934270317333,-0.0521258949783971,-0.0074531288172301,-0.0702281373747239,0.0295427603933488,-0.052668460999469
927,2022-09-13,484.0,1188200,467.3026123046875,ASML,38.56628042556368,53.42999249566097,42.187552756914194,51.77940202733028,-14.820058429558856,32878.939216441475,-14.820058429558856,32878.939216441475,0.0308388260613814,-0.1039216666668291,0.0408703989545765,-0.1384642288009767,0.055844476311154,-0.1619623249278597,0.0994170078403387,-0.1630543123221069
928,2022-09-14,476.9700012207031,663700,474.24615478515625,ASML,41.00126308087814,45.61082589835189,43.51652811768271,47.24747789861164,-14.915856601409814,2762.4836222238373,-14.915856601409814,2762.4836222238373,0.0104973917350405,0.402812792593515,0.020970643112161,0.4437644650578869,0.0353374215386052,0.4377720654371363,0.0800527422398897,0.4788126113807843
929,2022-09-15,472.5400085449219,853500,461.89654541015625,ASML,38.12188450038916,48.53116720689849,41.73891352638005,48.93228997212182,-15.806083759246633,-5723.78729220049,-15.806083759246633,-5723.78729220049,0.0250098674155552,0.0605716465099129,0.0394920598371124,0.1003928507355035,0.0551416008743382,0.1032872347414165,0.1046580769387604,0.1440759175826849
930,2022-09-16,462.0299987792969,914000,463.4836120605469,ASML,38.71448841759159,49.45798861910485,42.05577122713244,49.46816221834562,-16.19682535306066,-7481.14080758777,-16.19682535306066,-7481.14080758777,0.0143333434749629,-0.0064202040144341,0.029399414335504,0.0225450251566312,0.045087499795765,0.0264755995572474,0.0969195906355863,0.0656663445999968
931,2022-09-19,459.6499938964844,646500,467.3125305175781,ASML,40.19499101671228,45.57051618708272,42.83705712429945,47.18760989866934,-16.01294219662543,-30111.740259396844,-16.01294219662543,-30111.740259396844,0.0040149452680444,0.2697931771392702,0.0171532187419169,0.3646144100314208,0.0319590166770441,0.3947971550594102,0.0844836822791443,0.4867365121166906
932,2022-09-20,458.9500122070313,906700,458.23626708984375,ASML,37.87141397389281,49.691658407893534,41.45681439792016,49.5444778017659,-16.410422262480722,-26742.43631176732,-16.410422262480722,-26742.43631176732,0.0159342802646193,-0.063070262842882,0.0305181188293992,-0.022087194845662,0.0458491063341041,-0.0047901007470275,0.1018085468707751,0.0577245775801621
933,2022-09-21,461.5499877929688,783900,451.2530212402344,ASML,36.14878287519958,47.859326000506606,40.41320462795927,48.48085046513374,-17.09189246439462,-33593.91442334256,-17.09189246439462,-33593.91442334256,0.021104066949064,0.0558014990690641,0.0380173314230115,0.1072680726786745,0.0542796322339089,0.1322231326649908,0.1141981426724908,0.2146583535341072
934,2022-09-22,450.7000122070313,952900,437.4849243164063,ASML,32.979875262825615,50.54810596207638,38.4265648759768,50.01906089627944,-18.529337317666545,-25097.573727953364,-18.529337317666545,-25097.573727953364,0.0354928358296284,-0.0876322838211497,0.0578330148334839,-0.0729078717069121,0.0765265269274199,-0.0600078712518884,0.1434096403062082,-0.0007353510453342
935,2022-09-23,433.6000061035156,1362300,432.6244201660156,ASML,31.92142891378974,56.38567624272503,37.744253144694646,53.520888674433934,-19.832112225694004,14503.781933202758,-19.832112225694004,14503.781933202758,0.0314176820921122,-0.2412120694184705,0.0570417483612092,-0.2876062006463434,0.0775435716958099,-0.2996834859806459,0.1501280880639285,-0.2892302246135623
936,2022-09-26,434.0899963378906,1164000,427.3373718261719,ASML,30.770497242423147,53.13080588772411,36.99984366569591,51.69350396971591,-21.048556372189125,29546.406519338256,-21.048556372189125,29546.406519338256,0.0294523033128394,-0.0746295545067481,0.0573705360062377,-0.1360163499113264,0.079515640188086,-0.1578298636877187,0.1579121602268512,-0.1615490602816814
937,2022-09-27,438.8500061035156,876400,429.7973937988281,ASML,31.992889163309272,48.7572609566191,37.596364234888064,49.15782503060855,-21.56550033366466,18052.791113249372,-21.56550033366466,18052.791113249372,0.0157066997386516,0.1526937460475773,0.0419878532631012,0.1206892575338103,0.0641697350467313,0.1037200865290488,0.1453519125164675,0.1091427452272222
938,2022-09-28,426.1400146484375,957100,437.6734008789063,ASML,35.87676230487972,49.99477587679159,39.50660297408113,49.87646832212776,-21.096467584809886,15279.695221198024,-21.096467584809886,15279.695221198024,-0.0017140763942019,0.0370012182886475,0.019012176914792,0.0214329829431407,0.0393923426547628,0.0093253038917574,0.119849302335603,0.0150102616756858
939,2022-09-29,425.6099853515625,1141800,424.331787109375,ASML,32.50732462019354,52.79055943274209,37.48203682573281,51.51049496561565,-21.552863903931268,27666.809608152485,-21.552863903931268,27666.809608152485,0.0197823315107417,-0.087164205042293,0.0417693390374359,-0.1176514298178379,0.0630633171194701,-0.1347021437112883,0.1489782615550043,-0.1433297656771704
940,2022-09-30,414.0,1084700,412.0019836425781,ASML,29.741538286554785,51.8306999103583,35.719863469833115,50.97534485158624,-22.64839625379477,32501.538839959656,-22.64839625379477,32501.538839959656,0.0335339413768758,-0.0260742382331768,0.0596830214992841,-0.0582573835324443,0.0830175052280227,-0.0780077848514385,0.1761725173035637,-0.0943812492847839
941,2022-10-03,423.6000061035156,1452400,428.2003784179688,ASML,37.25585741630287,57.19998077674891,39.605544183032485,54.169257822002365,-21.956438852233475,65251.22476467083,-21.956438852233475,65251.22476467083,-0.0037090803415691,-0.1817601791111386,0.0160333084600781,-0.2427346620802423,0.0367920256326426,-0.2724977029054054,0.1265151943555535,-0.3109618658752929
942,2022-10-04,461.2099914550781,1954600,461.3608703613281,ASML,49.17801440956728,63.20222482939528,46.50171392434283,58.05685589890866,-18.51881083088313,130227.72857771884,-18.51881083088313,130227.72857771884,-0.0502119183796223,-0.2613283141106509,-0.0466318477956535,-0.3577914294879257,-0.0330118287928986,-0.401989514855896,0.0437603404069451,-0.4688608840870756
943,2022-10-05,456.9400024414063,1193800,465.5072326660156,ASML,50.43962616580832,51.483183216105054,47.28571069838164,51.20289604396346,-15.283708126912188,118960.59377390402,-15.283708126912188,118960.59377390402,-0.0391145754627011,0.1396144955823542,-0.0451011935341583,0.0421227742812184,-0.0364218558444243,-0.0182715844531475,0.0331118620655275,-0.1252572723416295
944,2022-10-06,465.2900085449219,926100,458.4148254394531,ASML,48.244731748161,48.11945049573615,46.082435368802585,49.079200961421726,-13.140686065061118,87422.41201599641,-13.140686065061118,87422.41201599641,-0.0161654320310278,0.3126888995617568,-0.0248133179710745,0.2809313260331463,-0.0188245467974264,0.232319900302185,0.0471704240373423,0.1225934933899394
945,2022-10-07,446.5,1412400,430.7595520019531,ASML,40.82315970824695,53.97262434240793,41.76558747365981,52.78484517487576,-13.518046720408051,100509.89323786972,-13.518046720408051,100509.89323786972,0.0313319416687035,-0.0928532097214467,0.0309230362169618,-0.1309933762420076,0.0386470694917587,-0.1679800147188319,0.1099137308197483,-0.2535739767494526
946,2022-10-10,433.9100036621094,1383700,418.4892883300781,ASML,38.04126837185907,53.59031578186753,40.03239190940053,52.54974900717163,-14.63847198659846,107328.74786324867,-14.63847198659846,107328.74786324867,0.0410473219537762,-0.0493584223027974,0.0500318903593239,-0.0924290867987613,0.0604630189263868,-0.1318823452990305,0.1368702778075357,-0.2287550479644009
947,2022-10-11,412.5299987792969,2044200,396.3392639160156,ASML,33.61128406592711,60.49097996924112,37.13466430771218,57.127334607590655,-17.11643086168101,164137.47945690365,-17.11643086168101,164137.47945690365,0.0661518931664355,-0.2376796950527935,0.0889482472914172,-0.3155511890239798,0.1047625359969276,-0.3608318173571495,0.1925469485529659,-0.4592082585982026
948,2022-10-12,403.80999755859375,1277100,395.1191711425781,ASML,33.38185967099575,51.04626905460957,36.9810707810443,51.15684877102943,-18.96012188932349,145582.08571549784,-18.96012188932349,145582.08571549784,0.046296050106146,0.146809264413165,0.0755270365036236,0.0781922348626948,0.0946522011858675,0.020203311478115,0.188534155552753,-0.1291078068893195
949,2022-10-13,364.9100036621094,2782200,402.1321716308594,ASML,36.06929618734707,63.14355798365323,38.5040011643264,59.75360865437283,-19.629097884341945,249450.25718014408,-19.629097884341945,249450.25718014408,0.0186994181723724,-0.315723741024596,0.046448458912427,-0.4132493668095121,0.0661167231022198,-0.4652383211298206,0.1612260118891955,-0.576699744092622
950,2022-10-14,404.3800048828125,1727900,376.073974609375,ASML,31.078107471495485,53.26475614282726,35.210550876271085,52.95297884460178,-22.008247049528848,243882.03100259672,-22.008247049528848,243882.03100259672,0.0595234571323387,0.0678640383206471,0.097328421640212,-0.0451931401247347,0.1224895346815256,-0.1215783899047765,0.2322095193968804,-0.3059307781826307
951,2022-10-17,394.4599914550781,1417900,389.0584411621094,ASML,35.81956587674284,50.76279005404769,37.9647315846796,51.16928386664865,-22.585648871053703,212010.83854458388,-22.585648871053703,212010.83854458388,0.0161085594672019,0.2008897062859375,0.0496686255502319,0.1338212695219072,0.0743990467503161,0.0616645127111181,0.1835921080173747,-0.148137770570211
952,2022-10-18,407.3800048828125,1324800,395.7738342285156,ASML,38.17635072151684,50.00696174246966,39.35362551767262,50.63569869204109,-22.244942125849548,177197.6739163918,-22.244942125849548,177197.6739163918,-0.0007550137510619,0.1901879602168031,0.0260657235084058,0.1746820516644714,0.0491477945058142,0.1192386386635398,0.1570970824550346,-0.0848116578408225
953,2022-10-19,415.8900146484375,2435200,420.6020812988281,ASML,46.02741209990087,57.99857860977631,44.16776649787269,56.29755322613383,-19.743902467039614,236481.9574176061,-19.743902467039614,236481.9574176061,-0.0398271317470621,-0.2350084839861966,-0.0282298870263075,-0.2953213087442576,-0.011185706644589,-0.3422218175349969,0.0853112573486637,-0.482427386332713
954,2022-10-20,431.25,2090900,433.7452697753906,ASML,49.65367597261716,55.07381303380052,46.50917247116933,54.28649854210437,-16.510937414382454,252769.28408092356,-16.510937414382454,252769.28408092356,-0.0459479561925365,-0.0726936280080941,-0.0471895404391521,-0.1466875099233539,-0.0360048421592066,-0.2046696392957919,0.0503686926922973,-0.3816243065297308
955,2022-10-21,440.4800109863281,2756600,458.5041198730469,ASML,55.665678874954,59.32319086155458,50.57627998021831,57.35464703127969,-11.81476409204032,315753.7137750841,-11.81476409204032,315753.7137750841,-0.064977327814618,-0.197754505986148,-0.0807058893498397,-0.2886190574188449,-0.0770523230496837,-0.3471444098538507,-0.0061013297842746,-0.5101359223683316
956,2022-10-24,470.4299926757813,2389300,469.1575317382813,ASML,57.97901688725901,56.18176536818206,52.20510655927593,55.22438081386845,-7.150940135130952,332201.8753148888,-7.150940135130952,332201.8753148888,-0.0574729262993634,-0.0496184576239667,-0.0831115588059233,-0.1466677438096016,-0.0857589173759341,-0.2159349998651213,-0.0275459940176872,-0.4177783918698527
957,2022-10-25,478.489990234375,2047200,482.0924072265625,ASML,60.65005404830156,53.36189666282039,54.117548811625696,53.30357902306024,-2.383613031182506,314012.810178641,-2.383613031182506,314012.810178641,-0.0551743899918839,0.0727975183011124,-0.088128257812628,-0.0033304541261914,-0.0965025627979712,-0.0742987047091234,-0.0515341773591813,-0.3079174393436211
958,2022-10-26,475.9500122070313,1879400,480.1878967285156,ASML,60.04791609316408,51.99051071384087,53.78745474992092,52.37284516324719,1.2267092375740845,282797.87114188937,1.2267092375740845,282797.87114188937,-0.0342846958571013,0.1123873149111551,-0.0691458647727542,0.0700821852629828,-0.0813042400332248,0.0073075078506689,-0.0458989662299489,-0.2364736817276769
959,2022-10-27,482.1000061035156,1075700,470.5859375,ASML,56.99148576577964,45.93270062960347,52.11793318769606,48.17593143245719,3.2753615370693296,191006.1412043301,3.2753615370693296,191006.1412043301,-0.0097199912114284,0.6289986177335843,-0.0410338408839682,0.7114785408950829,-0.0547390638710498,0.6649200650485533,-0.0253947186870406,0.3208908520213776
960,2022-10-28,469.8599853515625,1436100,485.2368469238281,ASML,60.295375906934034,48.799015640666624,54.36907969066297,50.04581818859184,6.0118383364040255,145662.69014271535,6.0118383364040255,145662.69014271535,-0.0264132189224392,0.1467928478035498,-0.0572630801725698,0.2307029263578481,-0.0728696727143369,0.216208968544069,-0.0526714295913275,-0.0101810023818538
961,2022-10-31,479.0400085449219,1063600,468.6119689941406,ASML,55.14504906087223,46.093008051840975,51.50676241412299,48.17440194828433,6.761089697676937,78762.12377579906,6.761089697676937,78762.12377579906,0.0054177174501517,0.3656194112640579,-0.0194872426911769,0.5414127194846446,-0.0349807555981782,0.5618869756114802,-0.0183156169702674,0.3232837433631169
962,2022-11-01,483.3800048828125,760700,471.5481262207031,ASML,55.85852881374505,43.96879192595748,51.97193115660696,46.69536792319216,7.505283885610652,1286.6152989058755,7.505283885610652,1286.6152989058755,-0.0005617666047896,0.6062598534862208,-0.0209393476334239,0.9451485014991946,-0.0358658794211196,1.0358322779713738,-0.0234702367136741,0.8168556021056341
963,2022-11-02,470.0499877929688,1887400,442.7322692871094,ASML,47.854486393343095,52.66311155174547,47.330504654957146,52.362327974710674,5.704111058772412,30450.963259247364,5.704111058772412,30450.963259247364,0.0429920577654523,-0.2350740452308403,0.0350052560925041,-0.1767477055586842,0.0235253861818446,-0.1570412143047467,0.0385164848855704,-0.257232994350917
964,2022-11-03,440.7999877929688,1615700,437.68798828125,ASML,46.60204947375178,50.63316205507583,46.572093205144434,51.000354935283006,3.825538896927128,31279.431653267937,3.825538896927128,31279.431653267937,0.0366749114229874,-0.0709615039791577,0.0384001518317013,-0.0313425970867199,0.0309061772339758,-0.0133763318647841,0.0485054017095479,-0.1271381932842574
965,2022-11-04,462.3500061035156,1587800,466.3816833496094,ASML,53.94776847653911,50.4193394297868,51.20501440512109,50.85885394947472,4.599082787038924,29346.41494447621,4.599082787038924,29346.41494447621,-0.0180703592766136,-0.0364246135025927,-0.0208525437017206,-0.011717877624679,-0.0284544375067988,0.0034650951192276,-0.0153753433961258,-0.1074163754211569
966,2022-11-07,474.8299865722656,1429400,480.9374694824219,ASML,57.151511268404015,49.15659745007176,53.34289053161136,50.03781391231242,6.31386974814103,14861.61447231425,6.31386974814103,14861.61447231425,-0.031859263999131,0.0469031289028418,-0.0413074443079714,0.0800176288314112,-0.0506263585528129,0.1003317079029809,-0.0434038598543769,-0.0081705792337375
967,2022-11-08,498.25,2316100,501.0349731445313,ASML,61.14976446187386,55.79646243890182,56.10869248834066,54.33633289998159,9.188630440981,74077.65980826225,9.188630440981,74077.65980826225,-0.0471288690649365,-0.2359301318441281,-0.0652602262160737,-0.2728295297398614,-0.0776191612639973,-0.2808061502668468,-0.0785679670820568,-0.3726732334178951
968,2022-11-09,494.510009765625,1302600,486.9766540527344,ASML,57.152829998759344,48.10322549773248,53.7854830140108,49.28751032077409,10.214760798051202,38778.80910474667,10.214760798051202,38778.80910474667,-0.0130805621104113,0.2390410060063539,-0.0313164218045302,0.2396881576375611,-0.0446174281576685,0.2439231275495827,-0.0499296000893124,0.1108977321369303
969,2022-11-10,531.5,3518000,557.9447631835938,ASML,68.3441112564577,60.771021576738256,62.04861134611043,58.143209813171474,16.563574920762505,187408.1470199204,16.563574920762505,187408.1470199204,-0.0924082365659652,-0.3608158396013119,-0.1264325676117591,-0.4426233875846767,-0.1453706369942037,-0.471989061198742,-0.1640773243329719,-0.5655858726092325
970,2022-11-11,560.780029296875,1982800,573.5153198242188,ASML,70.17531894809507,51.44711784340979,63.538554282569926,51.63457210179307,22.59105397332985,179253.83753659576,22.59105397332985,179253.83753659576,-0.078032496531753,0.089385339345903,-0.1228494584078569,-0.0090570587830813,-0.1475015950996857,-0.0552755334047949,-0.1794476701545319,-0.2202473022120107
971,2022-11-14,574.780029296875,1806400,574.8883666992188,ASML,70.33743879650667,50.493372425893945,63.66956972802974,50.95189734906696,27.16552073326289,156750.56049289135,27.16552073326289,156750.56049289135,-0.0534896648369341,0.1305112381366463,-0.1022272523885977,0.0717637780117236,-0.1308454680943948,0.0323570157879489,-0.1742934359926261,-0.1384512060655009
972,2022-11-15,606.75,1669400,594.4385986328125,ASML,72.6088724916172,49.7262888701091,65.50781973870428,50.41268007203053,31.99948867128785,126404.68222524202,31.99948867128785,126404.68222524202,-0.0564126870884871,0.1488580729883145,-0.1077984891113304,0.130678784833059,-0.1395018735241174,0.1024430928204338,-0.1935497494481327,-0.0650910703293577
973,2022-11-16,583.52001953125,1418900,573.7740478515625,ASML,66.81458585334674,48.28911945143464,62.05093282738058,49.41660454605088,33.773664816578446,81206.00705681997,33.773664816578446,81206.00705681997,-0.0149528406695161,0.2344556426559035,-0.0619083243102848,0.2702411260068795,-0.0949470513683587,0.2599398736768822,-0.1580541438688691,0.0960425210970711
974,2022-11-17,568.9600219726562,917900,586.04150390625,ASML,68.41763450598962,45.4728920865744,63.25016890008915,47.462871358084456,35.75740423849669,4902.704491182696,35.75740423849669,4902.704491182696,-0.0237150529823795,0.6054901487921426,-0.066718764043834,0.7883613983718223,-0.099655755444564,0.8291754013673737,-0.1687890316713034,0.667048226579577
975,2022-11-18,599.6199951171875,1115300,590.1504516601562,ASML,68.95580416274777,46.78310126030177,63.65094478428207,48.30176377488796,37.23190354455886,-39187.9484869265,37.23190354455886,-39187.9484869265,-0.0203416524472821,0.2142200350137827,-0.0599046337270788,0.3860463428583797,-0.0926838856519355,0.4422465599396784,-0.1677302412827571,0.3574048447650996
976,2022-11-21,581.2000122070312,849800,577.3457641601562,ASML,65.24374392596884,45.21738097987591,61.47469012712176,47.24484762977136,36.94138632217596,-94464.8075880832,36.94138632217596,-94464.8075880832,0.0009238278231028,0.395716329372301,-0.0319538362927497,0.6701595429630026,-0.0634908196608005,0.7812372202437431,-0.1434179185703524,0.7508472015320621
977,2022-11-22,581.719970703125,1082400,593.18505859375,ASML,67.55835052182056,46.88594560293147,63.10032502874425,48.27767918509298,37.5563220760896,-118141.38080082368,37.5563220760896,-118141.38080082368,-0.0172019688531348,0.0638579309562586,-0.0472931298776205,0.2546625526178893,-0.0774353943746158,0.3486543477852376,-0.1597692751536285,0.3599123886141793
978,2022-11-23,595.1799926757812,874700,600.7862548828125,ASML,68.63242520356276,45.55837248120415,63.86259484243586,47.41424544962679,38.21648029233154,-151913.72255356982,38.21648029233154,-151913.72255356982,-0.0197576060220287,0.2109826793697302,-0.0485565171172685,0.4521156056188024,-0.0779692868351927,0.5852841348889887,-0.1637175915670103,0.6560499017559723
979,2022-11-25,596.9299926757812,408900,588.8372802734375,ASML,65.00743769549504,42.65619420019841,61.77299886283592,45.51269885023889,37.34498828838935,-213800.1578048097,37.34498828838935,-213800.1578048097,8.930195668955443e-05,1.060318822278802,-0.0239312943613798,1.7233352635925423,-0.0518516143492443,2.0922707965003027,-0.1409925415593679,2.4428378195076936
980,2022-11-28,593.780029296875,1056200,580.38037109375,ASML,62.50404187483329,47.62392634925133,60.317967817094456,48.50234944668374,35.561986275642425,-208213.7460041752,35.561986275642425,-208213.7460041752,0.0097746166994486,-0.1349085612385267,-0.0079434679980718,0.0444428658094123,-0.0332813591820285,0.1725060003814163,-0.1234374059479692,0.3198154470788381
981,2022-11-29,584.0900268554688,562900,575.88330078125,ASML,61.162110907756286,44.47774906755897,59.54111752316019,46.47790458273658,33.40104193059801,-240815.6875538875,33.40104193059801,-240815.6875538875,0.0117732950015259,0.4154788625805274,-0.0001607748916157,0.7852460462557715,-0.0225157251520766,1.0500323910152698,-0.1120200839540287,1.4185420976465983
982,2022-11-30,585.2999877929688,1569700,605.0346069335938,ASML,66.20183497587809,51.486151550422896,62.77814066550631,50.84019141737149,33.65281598707293,-183299.6525348597,33.65281598707293,-183299.6525348597,-0.0246501185325299,-0.3282694987379418,-0.0395462042444756,-0.2943854358426124,-0.0609105972055565,-0.2317447099511476,-0.1487332939057219,-0.1274981982132436
983,2022-12-01,611.7100219726562,1245900,608.15869140625,ASML,66.69802621215057,49.34005876981383,63.10764551534552,49.48889304168692,33.71578169894917,-161978.5459852039,33.71578169894917,-161978.5459852039,-0.0197736320083847,-0.1024612099253269,-0.0363927380619422,-0.0908194417893847,-0.0575178259250885,-0.0280708422096692,-0.1471020483287163,0.0953659428017056
984,2022-12-02,600.2999877929688,719800,602.6369018554688,ASML,64.89384651917109,46.0020324002646,62.09557619910664,47.35848823861198,32.940403746564016,-185396.1564512609,32.940403746564016,-185396.1564512609,-0.007194732124504,0.3690317482208347,-0.0225519384725018,0.4693895422050885,-0.0427718649363273,0.5970210065012524,-0.1338249456832975,0.8608302136948609
985,2022-12-05,605.0999755859375,873900,597.7417602539062,ASML,63.26829196092636,47.12467295705612,61.18938766359766,48.04095058326149,31.567029060113327,-189337.63313096808,31.567029060113327,-189337.63313096808,0.0006238262758975,0.0850814756603402,-0.0119022816414031,0.1720499882775232,-0.0305661549248367,0.2759826701220406,-0.1217616359149745,0.511808768066084
986,2022-12-06,603.5,839200,590.041015625,ASML,60.705254221615945,46.88947758751312,59.76027419246613,47.89530447569228,29.516980621877,-193036.08195959264,29.516980621877,-193036.08195959264,0.0091221134704814,0.0866322700822779,0.0008129303350573,0.1804197030506918,-0.0156746430292734,0.2876502603577155,-0.1059740960943153,0.5517980345014531
987,2022-12-07,592.2100219726562,878600,598.2989501953125,ASML,62.45287622683316,47.210002675728425,60.7833976758566,48.08147253462466,28.233194074329504,-190590.8657560174,28.233194074329504,-190590.8657560174,-0.0032040988568277,0.0252688375848302,-0.010636891465408,0.1043058101940344,-0.025603069753015,0.2011684340777039,-0.1136740038356403,0.4632989340690707
988,2022-12-08,591.8800048828125,1019300,603.8109130859375,ASML,63.61029268725079,48.40146395787741,61.46463145049687,48.76246634930886,27.34533333941204,-175279.1909040165,27.34533333941204,-175279.1909040165,-0.0082023160032216,-0.0775033842165983,-0.0160923399080835,-0.0393774904766811,-0.0301857264748266,0.0309435523477748,-0.1169898450245659,0.2510636428725827
989,2022-12-09,602.989990234375,870700,594.66748046875,ASML,60.30627985074055,47.196088793646446,59.67345191373193,48.068820572813785,25.608697595664125,-173139.51171633764,25.608697595664125,-173139.51171633764,0.0046981826981801,0.0532910688473041,-0.0007887800855985,0.1019203687330015,-0.0133648785292709,0.1810303980068634,-0.0993575306709766,0.4463604759709036
990,2022-12-12,596.8699951171875,819600,606.8950805664062,ASML,63.05579336201564,46.76697905327941,61.24665140422744,47.82512979302637,24.93166961613622,-173566.37827102968,24.93166961613622,-173566.37827102968,-0.0103628495620067,0.0793074130839009,-0.0171169256483167,0.1396000915637805,-0.0290879790630771,0.2228315905338018,-0.1128955139530026,0.5154967333411188
991,2022-12-13,642.97998046875,1334000,625.0823974609375,ASML,66.72858245397114,51.52098213798372,63.45552397482226,50.45874005369178,25.56795307830737,-130888.09600825096,25.56795307830737,-130888.09600825096,-0.0261048030508036,-0.2245875283540403,-0.0374029894922501,-0.2453219220791147,-0.0501703213567933,-0.217613436918054,-0.1332671175881633,-0.0661881557798649
992,2022-12-14,622.5,1167500,612.7352905273438,ASML,62.22870963227671,49.97326160894681,60.99688682422411,49.61435693938092,24.790138686653563,-109241.14430774156,24.790138686653563,-109241.14430774156,-0.0043200231312838,-0.0760027196712576,-0.0147320907099876,-0.1126599179662723,-0.0271516809150832,-0.092780971514003,-0.1112605103920858,0.0643581476977511
993,2022-12-15,603.0,1420500,583.3651733398438,ASML,53.10220302134531,52.30587519262589,55.65383554463787,50.914500772781565,21.55531593142598,-70854.0325217587,21.55531593142598,-70854.0325217587,0.0305390034468173,-0.1603816380223832,0.0285318256780513,-0.2214824541954245,0.0190989436654093,-0.2225670969463384,-0.0639075394614737,-0.1203005192259132
994,2022-12-16,577.260009765625,2097300,571.4061279296875,ASML,49.90886059326782,57.92841498393431,53.660165503563015,54.20718817421825,17.821268095584287,14018.53650111449,17.821268095584287,14018.53650111449,0.0347382069065464,-0.2875513332414041,0.0409566469610259,-0.3867631732427148,0.0353743423549806,-0.4142645263246744,-0.0425780393932049,-0.3883298834305179
995,2022-12-19,574.0499877929688,906800,565.72509765625,ASML,48.426645765766736,47.39771317250427,52.72553799816274,48.27375338461212,14.239453070606372,-14614.276698814938,14.239453070606372,-14614.276698814938,0.0300860549630894,0.4318619238294393,0.0420627013210308,0.3422699573748331,0.0400501552381257,0.3103828107872219,-0.0316708869138641,0.3984433742135148
996,2022-12-20,562.239990234375,845700,560.302734375,ASML,46.99923484118514,46.92859927917171,51.82802350359713,47.99290822794684,10.838361574830174,-41754.92203029315,10.838361574830174,-41754.92203029315,0.0267031829835936,0.3568739052686418,0.0426659936285581,0.3593831442621485,0.0438508900618387,0.3544232484558605,-0.0214253210083137,0.4798905219508135
997,2022-12-21,569.0599975585938,797700,578.0123901367188,ASML,51.95486386517433,46.54087880355275,54.465056299418286,47.76550374206367,9.46291072223812,-66372.18063202128,9.46291072223812,-66372.18063202128,-0.0031692392370635,0.2923473834655389,0.0087708019523292,0.3609665203280443,0.0103849038819026,0.3814325856421352,-0.0493917685446907,0.5466285990427466
998,2022-12-22,571.0499877929688,1351800,553.1293334960938,ASML,45.544154031032136,51.49718600783239,50.42498337346456,50.58122472868361,6.292465681161389,-40701.11931742169,6.292465681161389,-40701.11931742169,0.0277827694156062,-0.1582554086943531,0.0443056332956766,-0.1610924868262433,0.0488582880148256,-0.1617120307213419,-0.0063678288709535,-0.0839064828686869
999,2022-12-23,546.8699951171875,602600,548.572509765625,ASML,44.46757702596561,45.39955871361642,49.72142189082126,47.01195854742268,3.3732824538714112,-79889.87587991124,3.3732824538714112,-79889.87587991124,0.024213497280437,0.5921787128299298,0.0433475674098568,0.7215575818083092,0.0503744783450638,0.7704496635612823,0.0018120095077189,1.0136788168409878
1000,2022-12-27,546.0499877929688,802600,534.4545288085938,ASML,41.23221619091542,47.18812250607211,47.57897293267798,48.03169775879693,-0.0784895751631893,-93728.47581429884,-0.0784895751631893,-93728.47581429884,0.0341791969860633,0.1302823260663808,0.0580158860099753,0.2393692532427772,0.0683557321162416,0.2881121933145715,0.0271667117481917,0.4918158117586126
1001,2022-12-28,536.7000122070312,609900,528.9426879882812,ASML,40.01439694709302,45.644601156599,46.75958338550431,47.12155123073966,-3.2216659054074626,-118874.63266434998,-3.2216659054074626,-118874.63266434998,0.0299705657853578,0.3249326063298653,0.0564880316962987,0.5162336394750072,0.0695524549782544,0.6082087072634706,0.0363851805146256,0.9253891559000564
1002,2022-12-29,541.2000122070312,841000,548.6719970703125,ASML,46.11777293766509,47.83702128306985,49.97200424705692,48.34433133695652,-4.073706290319478,-118786.01337345329,-4.073706290319478,-118786.01337345329,-0.0047102792144109,-0.0260987739987434,0.0151351562037628,0.0814785504747878,0.0272065265108541,0.1455002131272199,-0.0008468955313267,0.3807663020910861
1003,2022-12-30,540.8599853515625,703200,543.6278076171875,ASML,44.86723985456282,46.63528756156536,49.181684789240826,47.65978977796407,-5.097220776987115,-128355.48809311178,-5.097220776987115,-128355.48809311178,0.003016513768341,0.109832130325234,0.0200899202822585,0.2400598754451944,0.0321455090347214,0.3237272032636418,0.0080936487188571,0.6258002225922831
